"i","geo_accession","primary","secondary","pair_key","string","choice","confidence","reasoning","input_tokens","output_tokens"
"1","GSM5377493","GSE177616","GSE177689","GSE177616|GSE177689","treatment: PALLY_48_hours_LY_48_hours","unclear","0.4","Both series have nearly identical summaries about human embryo implantation with similar sample counts, making it impossible to distinguish primary context.","290","54"
"2","GSM5377242","GSE177616","GSE177689","GSE177616|GSE177689","treatment: PALLY_48_hours_LY_48_hours","unclear","0.4","Both series have nearly identical summaries about human embryo implantation and similar sample counts, making it impossible to distinguish the primary context.","290","55"
"3","GSM5376038","GSE177616","GSE177689","GSE177616|GSE177689","treatment: PALLY_48_hours_LY_12_hours","unclear","0.4","Both series have nearly identical summaries about human embryo implantation. Cannot distinguish primary context from metadata alone.","290","50"
"4","GSM5375959","GSE177616","GSE177689","GSE177616|GSE177689","treatment: PALLY","both","0.6","Both series appear nearly identical in summary and sample count difference is minimal, suggesting GSE177689 is a superset including GSE177616 samples as shared controls.","279","62"
"5","GSM5376115","GSE177616","GSE177689","GSE177616|GSE177689","treatment: PALLY_48_hours_LY_12_hours","unclear","0.4","Both series have nearly identical summaries about human embryo implantation. Sample counts differ slightly (2715 vs 2776), suggesting B is a superset, making B more likely primary.","290","68"
"6","GSM5378408","GSE177616","GSE177689","GSE177616|GSE177689","treatment: PALLY_48_hours_LY_12_hours","unclear","0.4","Both series have nearly identical summaries about human embryo implantation with very similar sample counts, making distinction impossible from available metadata.","290","54"
"7","GSM4912465","GSE161664","GSE161665","GSE161664|GSE161665","cell type: small airway epithelial cells (SAEC),treatment: IFNg","B","0.6","Series B has more samples (53 vs 37), suggesting it's the larger comprehensive study that includes additional treatment conditions like IFNg.","299","57"
"8","GSM5376964","GSE177616","GSE177689","GSE177616|GSE177689","treatment: PALLY_48_hours_LY_12_hours","unclear","0.4","Both series have nearly identical summaries about human embryo implantation. Sample counts differ slightly (2715 vs 2776), suggesting B may be a superset of A.","290","65"
"9","GSM5376013","GSE177616","GSE177689","GSE177616|GSE177689","treatment: PALLY","both","0.6","Both series appear nearly identical in scope and summary, likely a superset/subset relationship with shared samples serving as controls or replicates.","279","55"
"10","GSM5376190","GSE177616","GSE177689","GSE177616|GSE177689","treatment: PALLY_48_hours_LY_12_hours","unclear","0.4","Both series appear nearly identical in scope and sample count difference is minimal; summaries are too similar to distinguish primary context.","290","51"
"11","GSM5376939","GSE177616","GSE177689","GSE177616|GSE177689","treatment: PALLY_48_hours_LY_12_hours","unclear","0.4","Both series have nearly identical summaries about human embryo implantation. Sample counts differ slightly (2715 vs 2776), suggesting B is a superset of A.","290","64"
"12","GSM4543214","GSE150198","GSE150199","GSE150198|GSE150199","cell line: HeLa,treatment: cell reinduced with interferon gamma for 24h","B","0.55","Series B has more samples (364 vs 270), suggesting it's the larger parent study. Summaries are identical, making distinction difficult.","288","57"
"13","GSM5376490","GSE177616","GSE177689","GSE177616|GSE177689","treatment: PALLY_48_hours_LY_48_hours","unclear","0.4","Both series have nearly identical summaries about human embryo implantation and very similar sample counts, making primary context indistinguishable.","290","56"
"14","GSM4542975","GSE150196","GSE150199","GSE150196|GSE150199","cell line: HeLa,treatment: cells reinduced with interferon gamma for 24h","B","0.6","GSE150199 is a larger study (364 samples) likely the primary dataset; GSE150196 (12 samples) appears to be a subset series.","288","63"
"15","GSM5377555","GSE177616","GSE177689","GSE177616|GSE177689","treatment: PALLY_48_hours_LY_48_hours","unclear","0.4","Both series have nearly identical summaries about human embryo implantation. Sample size difference (2715 vs 2776) suggests B may be a superset including A.","290","64"
"16","GSM5377332","GSE177616","GSE177689","GSE177616|GSE177689","treatment: PALLY_48_hours_LY_48_hours","unclear","0.4","Both series have near-identical summaries about human embryo implantation with similar sample counts. Cannot distinguish primary context from metadata alone.","290","55"
"17","GSM5376769","GSE177616","GSE177689","GSE177616|GSE177689","treatment: PALLY_48_hours_LY_12_hours","unclear","0.4","Both series have nearly identical summaries about human embryo implantation, similar sample counts, and the sample metadata provides no distinguishing context.","290","56"
"18","GSM5375756","GSE177616","GSE177689","GSE177616|GSE177689","treatment: 2D_TSCM","unclear","0.4","Both series have nearly identical summaries about human embryo implantation and very similar sample counts, making primary context indistinguishable.","284","56"
"19","GSM4677423","GSE154688","GSE154691","GSE154688|GSE154691","cell line: 585B1 hiPSCs,sampled time point: day2,reporter transgene: Blimp1-tdTo","unclear","0.4","Both series have identical summaries and nearly identical sample counts, making it impossible to distinguish primary context from metadata alone.","345","50"
"20","GSM5376170","GSE177616","GSE177689","GSE177616|GSE177689","treatment: PALLY_48_hours_LY_12_hours","unclear","0.4","Both series have nearly identical summaries about human embryo implantation. Sample counts differ slightly (2715 vs 2776), suggesting B is a superset of A.","290","64"
"21","GSM5375789","GSE177616","GSE177689","GSE177616|GSE177689","treatment: PXGL","unclear","0.4","Both series have nearly identical summaries about human embryo implantation, similar sample counts, and the sample could belong to either superset dataset.","280","57"
"22","GSM5375854","GSE177616","GSE177689","GSE177616|GSE177689","treatment: PXGL","unclear","0.4","Both series have nearly identical summaries about human embryo implantation, similar sample counts, and PXGL treatment fits both contexts equally.","280","57"
"23","GSM5376882","GSE177616","GSE177689","GSE177616|GSE177689","treatment: PALLY_48_hours_LY_12_hours","unclear","0.4","Both series have nearly identical summaries about human embryo implantation with similar sample counts; cannot distinguish primary context from metadata alone.","290","54"
"24","GSM4912452","GSE161664","GSE161665","GSE161664|GSE161665","cell type: small airway epithelial cells (SAEC),treatment: Growth hormone","B","0.6","Series B has more samples (53 vs 37), suggesting it's the larger/primary dataset. Both series appear identical in topic; B likely includes more conditions.","297","61"
"25","GSM5376406","GSE177616","GSE177689","GSE177616|GSE177689","treatment: PALLY_48_hours_LY_48_hours","unclear","0.4","Both series have nearly identical summaries about human embryo implantation. The sample likely belongs to a superset/subset relationship between these two very similar studies.","290","60"
"26","GSM5378476","GSE177616","GSE177689","GSE177616|GSE177689","treatment: PALLY_48_hours_LY_12_hours","unclear","0.4","Both series have nearly identical summaries about human embryo implantation and very similar sample counts, making it impossible to distinguish primary context.","290","55"
"27","GSM5375716","GSE177616","GSE177689","GSE177616|GSE177689","treatment: 2D_TSCM","unclear","0.4","Both series have nearly identical summaries about human embryo implantation with similar sample counts (2715 vs 2776), making primary context indistinguishable.","284","63"
"28","GSM4543117","GSE150198","GSE150199","GSE150198|GSE150199","cell line: HeLa,treatment: cell induced with interferon gamma for 24h","both","0.5","Both series have identical summaries about cytokine activation; sample likely serves as shared node across both related experiments.","287","50"
"29","GSM5376203","GSE177616","GSE177689","GSE177616|GSE177689","treatment: PALLY_48_hours_LY_12_hours","unclear","0.4","Both series have nearly identical summaries about human embryo implantation. Sample counts differ slightly (2715 vs 2776), suggesting B is a superset of A.","290","64"
"30","GSM4677271","GSE154688","GSE154691","GSE154688|GSE154691","cell line: 585B1 hiPSCs,sampled time point: day2,reporter transgene: Blimp1-tdTo","unclear","0.4","Both series have identical summaries and nearly identical sample counts (183 vs 184), making it impossible to distinguish primary context.","334","53"
